loan_grade,count,approved,approval_rate,approval_rate_pct
G,33,27,0.8181818181818182,81.81818181818183
E,1009,631,0.6253716551040635,62.537165510406346
F,149,91,0.610738255033557,61.07382550335571
D,5034,2988,0.5935637663885578,59.35637663885578
C,11036,1494,0.13537513591881117,13.537513591881117
B,20400,2087,0.10230392156862746,10.230392156862745
A,20984,1032,0.04918032786885246,4.918032786885246
