cb_person_default_on_file,count,approved,approval_rate,approval_rate_pct
Y,8702,2601,0.29889680533210755,29.889680533210754
N,49943,5749,0.11511122679855035,11.511122679855035
