age_group,count,approved,rate
18-25,28046,4155,0.14814946872994367
26-35,24326,3259,0.1339718819370221
36-50,5772,839,0.14535689535689536
50+,501,97,0.1936127744510978
