income_group,count,approved,rate
<30k,5664,1898,0.3350988700564972
30-60k,28459,4644,0.1631821216486876
60-100k,18706,1587,0.08483908906233294
100k+,5816,221,0.03799862448418157
