person_home_ownership,count,approved,approval_rate,approval_rate_pct
RENT,30594,6809,0.22255997908086553,22.255997908086552
OTHER,89,15,0.16853932584269662,16.853932584269664
MORTGAGE,24824,1483,0.05974057363841444,5.974057363841443
OWN,3138,43,0.013702995538559592,1.3702995538559593
