dti_group,count,approved,rate
<15%,32721,2363,0.07221661929647627
15-25%,17224,1940,0.1126335346028797
25-35%,6446,2417,0.3749612162581446
35%+,2252,1630,0.7238010657193605
