loan_intent,count,approved,approval_rate,approval_rate_pct
DEBTCONSOLIDATION,9133,1729,0.18931347859410927,18.931347859410927
MEDICAL,10934,1949,0.17825132613865008,17.82513261386501
HOMEIMPROVEMENT,6280,1091,0.17372611464968152,17.372611464968152
PERSONAL,10016,1330,0.13278753993610223,13.278753993610223
EDUCATION,12271,1322,0.10773368103659034,10.773368103659035
VENTURE,10011,929,0.09279792228548596,9.279792228548596
