,Approved,Rejected,Difference
person_age,27.534131736526945,27.551704940848992,-0.017573204322047786
person_income,48224.661796407185,66672.86772044934,-18448.20592404216
person_emp_length,3.7107784431137723,4.860681976339596,-1.149903533225824
loan_amnt,11197.271856287425,8888.8832289492,2308.388627338225
loan_int_rate,13.202305389221557,10.258767273088775,2.943538116132782
loan_percent_income,0.244362874251497,0.14510496073168308,0.09925791351981392
cb_person_cred_hist_length,5.783592814371257,5.818530669052589,-0.03493785468133215
